{"configurations": [{"power_load_w": 25.65, "speed": 0.6776149358126137, "power_load": 7.124999999999999, "config_id": 1}, {"power_load_w": 40.690000000000005, "speed": 0.6859323851694555, "power_load": 11.302777777777779, "config_id": 2}, {"power_load_w": 41.580000000000005, "speed": 0.6999347888863883, "power_load": 11.55, "config_id": 3}, {"power_load_w": 41.50291682882049, "speed": 0.6, "power_load": 11.528588008005691, "config_id": 0}]}